[{"start":"2015-11-10T23:00:00.000Z","end":"2015-11-11T23:00:00.000Z","name":"Remembrance Day"},{"start":"2014-11-10T23:00:00.000Z","end":"2014-11-11T23:00:00.000Z","name":"Remembrance Day"},{"start":"2013-11-10T23:00:00.000Z","end":"2013-11-11T23:00:00.000Z","name":"Remembrance Day"},{"start":"2015-02-19T23:00:00.000Z","end":"2015-02-20T23:00:00.000Z","name":"Yukon Heritage Day"},{"start":"2014-02-20T23:00:00.000Z","end":"2014-02-21T23:00:00.000Z","name":"Yukon Heritage Day"},{"start":"2013-02-21T23:00:00.000Z","end":"2013-02-22T23:00:00.000Z","name":"Yukon Heritage Day"},{"start":"2015-05-17T22:00:00.000Z","end":"2015-05-18T22:00:00.000Z","name":"Victoria Day"},{"start":"2014-05-18T22:00:00.000Z","end":"2014-05-19T22:00:00.000Z","name":"Victoria Day"},{"start":"2013-05-19T22:00:00.000Z","end":"2013-05-20T22:00:00.000Z","name":"Victoria Day"},{"start":"2013-03-31T22:00:00.000Z","end":"2013-04-01T22:00:00.000Z","name":"Easter Monday"},{"start":"2015-12-25T23:00:00.000Z","end":"2015-12-26T23:00:00.000Z","name":"Boxing Day"},{"start":"2013-12-25T23:00:00.000Z","end":"2013-12-26T23:00:00.000Z","name":"Boxing Day"},{"start":"2015-07-12T22:00:00.000Z","end":"2015-07-13T22:00:00.000Z","name":"Orangemen's Day"},{"start":"2014-07-13T22:00:00.000Z","end":"2014-07-14T22:00:00.000Z","name":"Orangemen's Day"},{"start":"2013-07-14T22:00:00.000Z","end":"2013-07-15T22:00:00.000Z","name":"Orangemen's Day"},{"start":"2015-06-20T22:00:00.000Z","end":"2015-06-21T22:00:00.000Z","name":"National Aboriginal Day"},{"start":"2015-04-05T22:00:00.000Z","end":"2015-04-06T22:00:00.000Z","name":"Easter Monday"},{"start":"2014-04-20T22:00:00.000Z","end":"2014-04-21T22:00:00.000Z","name":"Easter Monday"},{"start":"2014-12-25T23:00:00.000Z","end":"2014-12-26T23:00:00.000Z","name":"Boxing Day"},{"start":"2014-03-16T23:00:00.000Z","end":"2014-03-17T23:00:00.000Z","name":"St. Patrick's Day"},{"start":"2015-02-15T23:00:00.000Z","end":"2015-02-16T23:00:00.000Z","name":"Nova Scotia Heritage Day"},{"start":"2013-06-20T22:00:00.000Z","end":"2013-06-21T22:00:00.000Z","name":"National Aboriginal Day"},{"start":"2014-05-08T22:00:00.000Z","end":"2014-05-09T22:00:00.000Z","name":"National Day of Honour"},{"start":"2014-10-12T22:00:00.000Z","end":"2014-10-13T22:00:00.000Z","name":"Thanksgiving Day"},{"start":"2013-10-13T22:00:00.000Z","end":"2013-10-14T22:00:00.000Z","name":"Thanksgiving Day"},{"start":"2013-02-17T23:00:00.000Z","end":"2013-02-18T23:00:00.000Z","name":"Islander Day"},{"start":"2014-02-16T23:00:00.000Z","end":"2014-02-17T23:00:00.000Z","name":"Family Day"},{"start":"2014-02-09T23:00:00.000Z","end":"2014-02-10T23:00:00.000Z","name":"Family Day"},{"start":"2015-08-02T22:00:00.000Z","end":"2015-08-03T22:00:00.000Z","name":"Civic/Provincial Day"},{"start":"2015-08-02T22:00:00.000Z","end":"2015-08-03T22:00:00.000Z","name":"British Columbia Day"},{"start":"2014-08-03T22:00:00.000Z","end":"2014-08-04T22:00:00.000Z","name":"New Brunswick Day"},{"start":"2013-08-04T22:00:00.000Z","end":"2013-08-05T22:00:00.000Z","name":"New Brunswick Day"},{"start":"2015-08-02T22:00:00.000Z","end":"2015-08-03T22:00:00.000Z","name":"Natal Day"},{"start":"2014-08-03T22:00:00.000Z","end":"2014-08-04T22:00:00.000Z","name":"Natal Day"},{"start":"2013-08-04T22:00:00.000Z","end":"2013-08-05T22:00:00.000Z","name":"Natal Day"},{"start":"2013-02-17T23:00:00.000Z","end":"2013-02-18T23:00:00.000Z","name":"Louis Riel Day"},{"start":"2015-09-06T22:00:00.000Z","end":"2015-09-07T22:00:00.000Z","name":"Labour Day"},{"start":"2014-08-31T22:00:00.000Z","end":"2014-09-01T22:00:00.000Z","name":"Labour Day"},{"start":"2014-02-16T23:00:00.000Z","end":"2014-02-17T23:00:00.000Z","name":"Islander Day"},{"start":"2015-02-08T23:00:00.000Z","end":"2015-02-09T23:00:00.000Z","name":"Family Day"},{"start":"2013-02-17T23:00:00.000Z","end":"2013-02-18T23:00:00.000Z","name":"Family Day"},{"start":"2014-08-03T22:00:00.000Z","end":"2014-08-04T22:00:00.000Z","name":"British Columbia Day"},{"start":"2015-10-11T22:00:00.000Z","end":"2015-10-12T22:00:00.000Z","name":"Thanksgiving Day"},{"start":"2015-08-02T22:00:00.000Z","end":"2015-08-03T22:00:00.000Z","name":"New Brunswick Day"},{"start":"2015-02-15T23:00:00.000Z","end":"2015-02-16T23:00:00.000Z","name":"Louis Riel Day"},{"start":"2014-02-16T23:00:00.000Z","end":"2014-02-17T23:00:00.000Z","name":"Louis Riel Day"},{"start":"2013-09-01T22:00:00.000Z","end":"2013-09-02T22:00:00.000Z","name":"Labour Day"},{"start":"2015-02-15T23:00:00.000Z","end":"2015-02-16T23:00:00.000Z","name":"Islander Day"},{"start":"2015-02-15T23:00:00.000Z","end":"2015-02-16T23:00:00.000Z","name":"Family Day"},{"start":"2013-02-10T23:00:00.000Z","end":"2013-02-11T23:00:00.000Z","name":"Family Day"},{"start":"2014-08-03T22:00:00.000Z","end":"2014-08-04T22:00:00.000Z","name":"Civic/Provincial Day"},{"start":"2013-08-04T22:00:00.000Z","end":"2013-08-05T22:00:00.000Z","name":"Civic/Provincial Day"},{"start":"2013-08-04T22:00:00.000Z","end":"2013-08-05T22:00:00.000Z","name":"British Columbia Day"},{"start":"2014-06-20T22:00:00.000Z","end":"2014-06-21T22:00:00.000Z","name":"National Aboriginal Day"},{"start":"2015-08-02T22:00:00.000Z","end":"2015-08-03T22:00:00.000Z","name":"Heritage Day in Alberta"},{"start":"2015-04-04T22:00:00.000Z","end":"2015-04-05T22:00:00.000Z","name":"Easter Sunday"},{"start":"2015-03-08T23:00:00.000Z","end":"2015-03-09T23:00:00.000Z","name":"Commonwealth Day"},{"start":"2015-02-13T23:00:00.000Z","end":"2015-02-14T23:00:00.000Z","name":"Valentine's Day"},{"start":"2015-07-08T22:00:00.000Z","end":"2015-07-09T22:00:00.000Z","name":"Nunavut Day"},{"start":"2014-07-08T22:00:00.000Z","end":"2014-07-09T22:00:00.000Z","name":"Nunavut Day"},{"start":"2013-12-30T23:00:00.000Z","end":"2013-12-31T23:00:00.000Z","name":"New Year's Eve"},{"start":"2013-04-05T22:00:00.000Z","end":"2013-04-06T22:00:00.000Z","name":"National Tartan Day"},{"start":"2013-10-30T23:00:00.000Z","end":"2013-10-31T23:00:00.000Z","name":"Halloween"},{"start":"2013-02-01T23:00:00.000Z","end":"2013-02-02T23:00:00.000Z","name":"Groundhog Day"},{"start":"2015-01-05T23:00:00.000Z","end":"2015-01-06T23:00:00.000Z","name":"Epiphany"},{"start":"2014-12-23T23:00:00.000Z","end":"2014-12-24T23:00:00.000Z","name":"Christmas Eve"},{"start":"2015-04-08T22:00:00.000Z","end":"2015-04-09T22:00:00.000Z","name":"Vimy Ridge Day"},{"start":"2013-03-16T23:00:00.000Z","end":"2013-03-17T23:00:00.000Z","name":"St. Patrick's Day"},{"start":"2015-05-17T22:00:00.000Z","end":"2015-05-18T22:00:00.000Z","name":"National Patriots' Day"},{"start":"2014-08-03T22:00:00.000Z","end":"2014-08-04T22:00:00.000Z","name":"Heritage Day in Alberta"},{"start":"2015-02-01T23:00:00.000Z","end":"2015-02-02T23:00:00.000Z","name":"Groundhog Day"},{"start":"2013-08-15T22:00:00.000Z","end":"2013-08-16T22:00:00.000Z","name":"Gold Cup Parade"},{"start":"2014-01-05T23:00:00.000Z","end":"2014-01-06T23:00:00.000Z","name":"Epiphany"},{"start":"2014-08-17T22:00:00.000Z","end":"2014-08-18T22:00:00.000Z","name":"Discovery Day"},{"start":"2013-08-18T22:00:00.000Z","end":"2013-08-19T22:00:00.000Z","name":"Discovery Day"},{"start":"2014-12-24T23:00:00.000Z","end":"2014-12-25T23:00:00.000Z","name":"Christmas"},{"start":"2013-03-17T23:00:00.000Z","end":"2013-03-18T23:00:00.000Z","name":"St. Patrick's Day"},{"start":"2014-10-30T23:00:00.000Z","end":"2014-10-31T23:00:00.000Z","name":"Halloween"},{"start":"2014-03-09T23:00:00.000Z","end":"2014-03-10T23:00:00.000Z","name":"Commonwealth Day"},{"start":"2015-12-10T23:00:00.000Z","end":"2015-12-11T23:00:00.000Z","name":"Anniversary of the Statute of Westminster"},{"start":"2014-12-10T23:00:00.000Z","end":"2014-12-11T23:00:00.000Z","name":"Anniversary of the Statute of Westminster"},{"start":"2015-03-16T23:00:00.000Z","end":"2015-03-17T23:00:00.000Z","name":"St. Patrick's Day"},{"start":"2015-06-23T22:00:00.000Z","end":"2015-06-24T22:00:00.000Z","name":"St. Jean Baptiste Day"},{"start":"2013-04-21T22:00:00.000Z","end":"2013-04-22T22:00:00.000Z","name":"St. George's Day"},{"start":"2015-04-05T22:00:00.000Z","end":"2015-04-06T22:00:00.000Z","name":"National Tartan Day"},{"start":"2014-04-19T22:00:00.000Z","end":"2014-04-20T22:00:00.000Z","name":"Easter Sunday"},{"start":"2014-06-22T22:00:00.000Z","end":"2014-06-23T22:00:00.000Z","name":"Discovery Day"},{"start":"2013-11-02T23:00:00.000Z","end":"2013-11-03T23:00:00.000Z","name":"Daylight Saving Time ends"},{"start":"2015-01-01T23:00:00.000Z","end":"2015-01-02T23:00:00.000Z","name":"Day After New Year’s Day"},{"start":"2015-12-24T23:00:00.000Z","end":"2015-12-25T23:00:00.000Z","name":"Christmas"},{"start":"2014-02-13T23:00:00.000Z","end":"2014-02-14T23:00:00.000Z","name":"Valentine's Day"},{"start":"2013-02-13T23:00:00.000Z","end":"2013-02-14T23:00:00.000Z","name":"Valentine's Day"},{"start":"2014-06-23T22:00:00.000Z","end":"2014-06-24T22:00:00.000Z","name":"St. Jean Baptiste Day"},{"start":"2014-04-20T22:00:00.000Z","end":"2014-04-21T22:00:00.000Z","name":"St. George's Day"},{"start":"2013-05-19T22:00:00.000Z","end":"2013-05-20T22:00:00.000Z","name":"National Patriots' Day"},{"start":"2015-04-02T22:00:00.000Z","end":"2015-04-03T22:00:00.000Z","name":"Good Friday"},{"start":"2013-03-30T23:00:00.000Z","end":"2013-03-31T22:00:00.000Z","name":"Easter Sunday"},{"start":"2015-06-21T22:00:00.000Z","end":"2015-06-22T22:00:00.000Z","name":"Discovery Day"},{"start":"2014-11-01T23:00:00.000Z","end":"2014-11-02T23:00:00.000Z","name":"Daylight Saving Time ends"},{"start":"2015-12-23T23:00:00.000Z","end":"2015-12-24T23:00:00.000Z","name":"Christmas Eve"},{"start":"2015-03-15T23:00:00.000Z","end":"2015-03-16T23:00:00.000Z","name":"St. Patrick's Day"},{"start":"2013-06-23T22:00:00.000Z","end":"2013-06-24T22:00:00.000Z","name":"St. Jean Baptiste Day"},{"start":"2014-12-31T23:00:00.000Z","end":"2015-01-01T23:00:00.000Z","name":"New Year's Day"},{"start":"2012-12-31T23:00:00.000Z","end":"2013-01-01T23:00:00.000Z","name":"New Year's Day"},{"start":"2014-02-01T23:00:00.000Z","end":"2014-02-02T23:00:00.000Z","name":"Groundhog Day"},{"start":"2015-08-20T22:00:00.000Z","end":"2015-08-21T22:00:00.000Z","name":"Gold Cup Parade"},{"start":"2014-08-14T22:00:00.000Z","end":"2014-08-15T22:00:00.000Z","name":"Gold Cup Parade"},{"start":"2015-03-07T23:00:00.000Z","end":"2015-03-08T23:00:00.000Z","name":"Daylight Saving Time starts"},{"start":"2013-04-08T22:00:00.000Z","end":"2013-04-09T22:00:00.000Z","name":"Vimy Ridge Day"},{"start":"2013-07-08T22:00:00.000Z","end":"2013-07-09T22:00:00.000Z","name":"Nunavut Day"},{"start":"2014-12-30T23:00:00.000Z","end":"2014-12-31T23:00:00.000Z","name":"New Year's Eve"},{"start":"2013-06-23T22:00:00.000Z","end":"2013-06-24T22:00:00.000Z","name":"Discovery Day"},{"start":"2013-03-10T23:00:00.000Z","end":"2013-03-11T23:00:00.000Z","name":"Commonwealth Day"},{"start":"2013-06-30T22:00:00.000Z","end":"2013-07-01T22:00:00.000Z","name":"Canada Day"},{"start":"2013-12-10T23:00:00.000Z","end":"2013-12-11T23:00:00.000Z","name":"Anniversary of the Statute of Westminster"},{"start":"2014-04-08T22:00:00.000Z","end":"2014-04-09T22:00:00.000Z","name":"Vimy Ridge Day"},{"start":"2015-04-19T22:00:00.000Z","end":"2015-04-20T22:00:00.000Z","name":"St. George's Day"},{"start":"2014-04-05T22:00:00.000Z","end":"2014-04-06T22:00:00.000Z","name":"National Tartan Day"},{"start":"2014-05-18T22:00:00.000Z","end":"2014-05-19T22:00:00.000Z","name":"National Patriots' Day"},{"start":"2013-08-04T22:00:00.000Z","end":"2013-08-05T22:00:00.000Z","name":"Heritage Day in Alberta"},{"start":"2015-10-30T23:00:00.000Z","end":"2015-10-31T23:00:00.000Z","name":"Halloween"},{"start":"2014-04-17T22:00:00.000Z","end":"2014-04-18T22:00:00.000Z","name":"Good Friday"},{"start":"2013-01-05T23:00:00.000Z","end":"2013-01-06T23:00:00.000Z","name":"Epiphany"},{"start":"2015-08-16T22:00:00.000Z","end":"2015-08-17T22:00:00.000Z","name":"Discovery Day"},{"start":"2014-03-08T23:00:00.000Z","end":"2014-03-09T23:00:00.000Z","name":"Daylight Saving Time starts"},{"start":"2013-03-09T23:00:00.000Z","end":"2013-03-10T23:00:00.000Z","name":"Daylight Saving Time starts"},{"start":"2013-01-01T23:00:00.000Z","end":"2013-01-02T23:00:00.000Z","name":"Day After New Year’s Day"},{"start":"2013-12-23T23:00:00.000Z","end":"2013-12-24T23:00:00.000Z","name":"Christmas Eve"},{"start":"2014-06-30T22:00:00.000Z","end":"2014-07-01T22:00:00.000Z","name":"Canada Day"},{"start":"2013-12-31T23:00:00.000Z","end":"2014-01-01T23:00:00.000Z","name":"New Year's Day"},{"start":"2013-03-28T23:00:00.000Z","end":"2013-03-29T23:00:00.000Z","name":"Good Friday"},{"start":"2015-10-31T23:00:00.000Z","end":"2015-11-01T23:00:00.000Z","name":"Daylight Saving Time ends"},{"start":"2014-01-01T23:00:00.000Z","end":"2014-01-02T23:00:00.000Z","name":"Day After New Year’s Day"},{"start":"2013-12-24T23:00:00.000Z","end":"2013-12-25T23:00:00.000Z","name":"Christmas"},{"start":"2015-06-30T22:00:00.000Z","end":"2015-07-01T22:00:00.000Z","name":"Canada Day"}]